CCode,CName,Code,PSname,PSaddress
A01,Chung Wan,A0101,Joint Professional Centre,"Unit 1, G/F, The Center, 99 Queen's Road Central, Central, Hong Kong"
A01,Chung Wan,A0102,Hong Kong Visual Arts Centre,"4/F, 7A Kennedy Road, Central, Hong Kong"
A02,Mid Levels East,A0201,Raimondi College,"2 Robinson Road, Hong Kong"
A03,Castle Road,A0301,Hong Kong True Light Kindergarten (Caine Road),"G/F-2/F, 75 Caine Road, Hong Kong"
A03,Castle Road,A0302,"Centre for Food Safety (Hospital Road Office), Food and Environmental Hygiene Department","4 Hospital Road, Hong Kong"
A04,Peak,A0401,Hong Kong Park Sports Centre,"29 Cotton Tree Drive, Central, Hong Kong"
A04,Peak,A0402,German Swiss International School Peak Campus,"Middle Building, German Swiss International School Peak Campus, 22 Guildford Road, The Peak, Hong Kong"
A05,University,A0501,Sai Ying Pun Community Complex Community Hall,"3/F, Sai Ying Pun Community Complex, 2 High Street, Sai Ying Pun, Hong Kong"
A06,Kennedy Town & Mount Davis,A0601,HKYWCA Western District Integrated Social Service Centre,"Flat A, 1/F, Block 1, Centenary Mansion, 9-15 Victoria Road, Western District, Hong Kong"
A07,Kwun Lung,A0701,Smithfield Sports Centre,"4/F, Smithfield Municipal Services Building, 12K Smithfield, Kennedy Town, Hong Kong"
A08,Sai Wan,A0801,Kennedy Town Community Complex (Multi-purpose Function Room),"2/F, 12 Rock Hill Street, Kennedy Town, Hong Kong"
A09,Belcher,A0901,St. James' Settlement Belcher Kindergarten Child Care Centre,"The Westwood, 8 Belcher's Street, Western District, Hong Kong"
A10,Shek Tong Tsui,A1001,Shek Tong Tsui Sports Centre,"5/F, Shek Tong Tsui Municipal Services Building, 470 Queen's Road West, Hong Kong"
A11,Sai Ying Pun,A1101,Central and Western / Islands Social Security Field Unit,"3/F, Tung Che Commercial Centre, 246 Des Voeux Road West, Hong Kong"
A11,Sai Ying Pun,A1102,Sun Yat Sen Memorial Park Sports Centre,"18 Eastern Street North, Sai Ying Pun, Hong Kong"
A12,Sheung Wan,A1201,Sheung Wan Post Office,"1/F, Hong Kong Telecom CSL Tower, 322-324 Des Voeux Road Central, Sheung Wan, Hong Kong"
A13,Tung Wah,A1301,San Wui Commercial Society School,"1 Kui In Fong, Sheung Wan, Hong Kong"
A13,Tung Wah,A1302,SKH St. Matthew's Primary School,"12-20 New Street, Sheung Wan, Hong Kong"
A14,Centre Street,A1401,Tsung Tsin Mission of Hong Kong Kau Yan Church and Kau Yan School,"G/F, 96 Third Street, Sai Ying Pun, Hong Kong"
A15,Water Street,A1501,Li Sing Primary School,"119 High Street, Sai Ying Pun, Hong Kong"
B01,Hennessy,B0101,Hennessy Road Government Primary School,"169 Thomson Road, Wan Chai, Hong Kong"
B02,Oi Kwan,B0201,Tang Shiu Kin Victoria Government Secondary School,"5 Oi Kwan Road, Wan Chai, Hong Kong"
B03,Canal Road,B0301,German Swiss International School Wan Chai Campus (Former: Wanchai School),"30 Oi Kwan Road, Wan Chai, Hong Kong"
B05,Tin Hau,B0501,The International Montessori School - An IMEF School,"62 Tin Hau Temple Road, Tin Hau, Hong Kong"
B05,Tin Hau,B0502,"Covered Carpark of Tsuen Wing Lau, Lai Tak Tsuen","Lai Tak Tsuen, 34 Lai Tak Tsuen Road, Tai Hang, Hong Kong"
B07,Tai Hang,B0701,Wan Chai District Women's Association,"Moreton Terrace, Causeway Bay, Hong Kong"
B08,Jardine's Lookout,B0801,CCC Kung Lee College,"17 Tai Hang Drive, Causeway Bay, Hong Kong"
B09,Broadwood,B0901,Leighton Hill Community Hall,"133 Wong Nai Chung Road, Happy Valley, Hong Kong"
B10,Happy Valley,B1001,Wong Nai Chung Sports Centre,"6/F, Wong Nai Chung Municipal Services Building, 2 Yuk Sau Street, Happy Valley, Hong Kong"
B11,Stubbs Road,B1101,Marymount Secondary School,"123 Blue Pool Road, Happy Valley, Hong Kong"
B11,Stubbs Road,B1102,Hong Kong Children & Youth Services Sing Woo Children & Youth Centre,"G/F, 20 Kwai Sing Lane, Happy Valley, Hong Kong"
B12,Southorn,B1201,Wan Chai Activities Centre,"LG/F, Wan Chai Market, 258 Queen's Road East, Wan Chai, Hong Kong"
B13,Tai Fat Hau,B1301,Methodist Centre,"2/F, 22 Hennessy Road, Wan Chai, Hong Kong"
C01,Tai Koo Shing West,C0101,Eastern District JPC Club House,"Shop P512-513, Hing On Mansion, 5 Tai Yue Avenue, Taikoo Shing, Hong Kong"
C02,Tai Koo Shing East,C0201,St. Anna Anglo-Chinese Kindergarten,"Podium, Nam Hoi Mansion, 2 Tai Wing Avenue, Taikoo Shing, Quarry Bay, Hong Kong"
C02,Tai Koo Shing East,C0202,Tai Koo Shing Post Office,"Shop G1020-1022, G/F, Kam Sing Mansion, 1-3 Tai Fung Avenue, Taikoo Shing, Hong Kong"
C03,Lei King Wan,C0301,Sai Wan Ho Health Centre,"G/F, 28 Tai Hong Street, Sai Wan Ho, Hong Kong"
C04,Aldrich Bay,C0401,CCC Kei Wan Primary School (Aldrich Bay),"39 Oi Shun Road, Shau Kei Wan, Hong Kong"
C05,Shaukeiwan,C0501,Shau Kei Wan Post Office,"G/F, Perfect Mount Gardens, 1 Po Man Street, Shau Kei Wan, Hong Kong"
C06,A Kung Ngam,C0601,Aldrich Bay Government Primary School,"1 Oi Lai Street, Shau Kei Wan, Hong Kong"
C06,A Kung Ngam,C0602,Shau Kei Wan Government Primary School,"19 Shau Kei Wan Main Street East, Shau Kei Wan, Hong Kong"
C07,Heng Fa Chuen,C0701,Lingnan Secondary School,"Lingnan Secondary School, Hong Kong"
C08,Tsui Wan,C0801,SKH Li Fook Hing Secondary School,"Tsui Wan Estate, Tsui Wan Street, Chai Wan, Hong Kong"
C10,Siu Sai Wan,C1001,Siu Sai Wan Community Hall,"G/F, Siu Sai Wan Complex, 15 Siu Sai Wan Road, Chai Wan, Hong Kong"
C11,King Yee,C1101,Pui Kiu Primary School,"12 Fu Yee Road, Siu Sai Wan, Chai Wan, Hong Kong"
C12,Wan Tsui,C1201,The Salvation Army Centaline Charity Fund School,"9 Wah Ha Street, Chai Wan, Hong Kong"
C13,Fei Tsui,C1301,Cognitio College (Hong Kong),"4 Sui Man Road, Chai Wan, Hong Kong"
C21,Tanner,C2101,Chan's Creative School (Hong Kong Island),"82 Marble Road, North Point, Hong Kong"
C23,Quarry Bay,C2301,North Point Government Primary School,"888 King's Road, Quarry Bay, Hong Kong"
C24,Nam Fung,C2401,Quarry Bay Community Hall,"G/F, Quarry Bay Community Complex, 1 Greig Road, Quarry Bay, Hong Kong"
C25,Kornhill,C2501,Buddhist Chung Wah Kornhill Primary School,"2 Hong Yue Street, Quarry Bay, Hong Kong"
C26,Kornhill Garden,C2601,Taikoo Primary School,"1100 King's Road, Quarry Bay, Hong Kong"
C27,Hing Tung,C2701,Ching Chung Hing Tung Kindergarten,"G/F, Hing Cho House, Hing Tung Estate, Shau Kei Wan, Hong Kong"
C27,Hing Tung,C2702,Islamic Abu Bakar Chui Memorial Kindergarten,"G/F, King Hei House ,Tung Hei Court, Shau Kei Wan, Hong Kong"
C28,Sai Wan Ho,C2801,Sai Wan Ho Sports Centre,"2/F, 111 Shau Kei Wan Road, Sai Wan Ho, Hong Kong"
C29,Lower Yiu Tung,C2901,The Endeavourers Leung Lee Sau Yu Memorial Primary School,"25 Yiu Hing Road, Shau Kei Wan, Hong Kong"
C29,Lower Yiu Tung,C2902,Shau Kei Wan Kai-fong Welfare Advancement Association Ltd.,"103 Nam On Street, Shau Kei Wan, Hong Kong"
C31,Hing Man,C3101,Lutheran Philip House Hing Man Nursery School,"Level 3, Community Building, Hing Man Estate, Chai Wan, Hong Kong"
C31,Hing Man,C3102,St. James Lutheran Kindergarten,"G/F, Cheuk Wah House, Hing Wah (1) Estate, Chai Wan, Hong Kong"
C32,Lok Hong,C3201,Meng Tak Catholic School,"11 Cheung Man Road, Chai Wan, Hong Kong"
C32,Lok Hong,C3202,"Methodist Epworth Village Community Centre, Social Welfare - Epworth Integrated Youth Team (Epworth Base)","4/F, 100 Chai Wan Road, Chai Wan, Hong Kong"
C33,Tsui Tak,C3301,Chai Wan Maternal and Child Health Centre,"Level 2, Government Office, Block 6, New Jade Garden, 233 Chai Wan Road, Chai Wan, Hong Kong"
C34,Yue Wan,C3401,Yue Wan Community Hall,"365 Chai Wan Road, Yue Wan Estate, Chai Wan, Hong Kong"
C35,Kai Hiu,C3501,Chinese YMCA of Hong Kong - Chai Wan Centre,"Units 1-10, G/F, Sui Lok House, Siu Sai Wan Estate, Chai Wan, Hong Kong"
C35,Kai Hiu,C3502,Buddhist To Chi Fat She Yeung Tam Yuen Fong Kindergarten,"G/F, Hin Tsui House, Kai Tsui Court, Siu Sai Wan, Hong Kong"
D01,Aberdeen,D0101,Aberdeen Sports Centre,"6/F, Aberdeen Municipal Services Building, 203 Aberdeen Main Road, Aberdeen, Hong Kong"
D03,Ap Lei Chau North,D0301,Ap Lei Chau Sports Centre,"3/F, Ap Lei Chau Municipal Services Building, 8 Hung Shing Street, Ap Lei Chau, Hong Kong"
D04,Lei Tung I,D0401,St. Peter's Catholic Primary School,"Phase II, Lei Tung Estate, Ap Lei Chau, Hong Kong"
D05,Lei Tung II,D0501,Lei Tung Community Hall,"Lei Tung Estate, Ap Lei Chau, Hong Kong"
D06,South Horizons East,D0601,Precious Blood Primary School (South Horizons),"355 Ap Lei Chau Bridge Road, South Horizons, Ap Lei Chau, Hong Kong"
D07,South Horizons West,D0701,South Horizons Neighbourhood Community Centre,"1/F, East Commercial Block, South Horizons, Ap Lei Chau, Hong Kong"
D08,Wah Kwai,D0801,Wah Kwai Community Hall,"Wah Kwai Estate, Kellett Bay, Hong Kong"
D09,Wah Fu South,D0901,Caritas Chong Yuet Ming Secondary School,"Caritas Chong Yuet Ming Secondary School, Hong Kong"
D10,Wah Fu North,D1001,TWGHs Hok Shan School,"5 Wah Lam Path, Hong Kong"
D11,Pokfulam,D1101,Sassoon Road Assembly Hall,"6 Sassoon Road, Hong Kong"
D11,Pokfulam,D1102,Playground of Upper Baguio Villa,"555 Victoria Road, Hong Kong"
D11,Pokfulam,D1103,Cyberport Post Office,"100 Cyberport Road, Hong Kong"
D12,Chi Fu,D1201,Shine Skills Centre (Pokfulam),"147 Pokfulam Road, Hong Kong"
D12,Chi Fu,D1202,Chi Fu Community Hall,"Chi Fu Landmark, Chi Fu Road, Pokfulam, Hong Kong"
D15,Wong Chuk Hang,D1501,Aberdeen Tennis and Squash Centre,"1 Aberdeen Praya Road, Aberdeen, Hong Kong"
D15,Wong Chuk Hang,D1502,Southern District Elderly Community Centre,"South Wave Court, 3 Shum Wan Road, Wong Chuk Hang, Hong Kong"
D16,Bays Area,D1601,South Island School,"50 Nam Fung Road, Aberdeen, Hong Kong"
D16,Bays Area,D1602,Hong Kong International School,"6 South Bay Close, Repulse Bay, Hong Kong"
D17,Stanley & Shek O,D1701,Stanley Community Hall,"Stanley Municipal Services Building, 6 Stanley Market Road, Hong Kong"
D17,Stanley & Shek O,D1702,Medical Clinic of Shek O Health Centre,"140 Shek O Village, Shek O, Hong Kong"
E01,Tsim Sha Tsui West,E0101,Yan Oi Tong Chan Cheng Yuk Yee Kindergarten,"Room 104, 1/F, 1 Austin Road West, Tsim Sha Tsui, Kowloon"
E02,Jordan South,E0201,Kowloon Park Sports Centre,"22 Austin Road, Tsim Sha Tsui, Kowloon"
E04,Yau Ma Tei South,E0401,Henry G. Leong Yaumatei Community Centre,"60 Public Square Street, Yau Ma Tei, Kowloon"
E05,Charming,E0501,Yaumati Catholic Primary School (Hoi Wang Road),"10 Hoi Wang Road, Yau Ma Tei, Kowloon"
E07,Fu Pak,E0701,PLK Camões Tan Siu Lin Primary School,"6 Hoi Ting Road, Yau Ma Tei, Kowloon"
E08,Olympic,E0801,Hong Kong Society for the Protection of Children BOC Nursery School,"11 Hoi Fai Road, Olympian City, Tai Kok Tsui, Kowloon"
E09,Cherry,E0901,Sharon Lutheran School,"18 Cherry Street, Tai Kok Tsui, Kowloon"
E10,Tai Kok Tsui South,E1001,Tai Kok Tsui Catholic Primary School,"148 Tai Kok Tsui Road, Kowloon"
E11,Tai Kok Tsui North,E1101,CCC Kei Tsun Primary School,"150 Tai Kok Tsui Road, Kowloon"
E12,Tai Nan,E1201,Fresh Fish Traders' School,"33 Sycamore Street, Tai Kok Tsui, Kowloon"
E13,Mong Kok North,E1301,SKH Kei Wing Primary School,"23 Lai Chi Kok Road, Kowloon"
E14,Mong Kok East,E1401,Boundary Street Sports Centre No.1,"200 Sai Yee Street, Mong Kok, Kowloon"
E16,Yau Ma Tei North,E1601,TWGHs Lo Yu Chik Primary School,"51 Pitt Street, Yau Ma Tei, Kowloon"
E17,East Tsim Sha Tsui & King's Park,E1701,Yaumati Kaifong Association School,"80 Public Square Street, Yau Ma Tei, Kowloon"
E17,East Tsim Sha Tsui & King's Park,E1702,PolyU Hung Hom Bay Campus,"8 Hung Lok Road, Hung Hom, Kowloon"
E18,Tsim Sha Tsui Central,E1801,Immigration Department West Kowloon Office,"Ground Floor, 28 Kimberley Street, Tsim Sha Tsui, Kowloon"
E19,Jordan North,E1901,Jordan Road Government Primary School,"1B Nanking Street, Yau Ma Tei, Kowloon"
F01,Po Lai,F0101,Po On Road Sports Centre,"1/F, Po On Road Municipal Services Building, 325-329 Po On Road, Sham Shui Po, Kowloon"
F02,Cheung Sha Wan,F0201,Fuk Wing Street Government Primary School,"231 Fuk Wing Street, Sham Shui Po, Kowloon"
F03,Nam Cheong North,F0301,Ying Wa Girls' School,"101 Castle Peak Road, Sham Shui Po, Kowloon"
F04,Shek Kip Mei,F0401,Shek Kip Mei Community Hall,"Block 42, Shek Kip Mei Estate, Nam Cheong Street, Sham Shui Po, Kowloon"
F05,Nam Cheong East,F0501,Tsung Tsin Mission of Hong Kong On Hong Nursery School,"Block C, 2/F, Prince Centre, 70 Tai Po Road, Sham Shui Po, Kowloon"
F06,Nam Cheong South,F0601,Shamshuipo Kaifong Welfare Advancement Association,"G/F, 88 Yu Chau Street, Sham Shui Po, Kowloon"
F07,Nam Cheong Central,F0701,Pei Ho Street Sports Centre,"6/F, Pei Ho Street Municipal Services Building, 333 Ki Lung Street, Sham Shui Po, Kowloon"
F08,Nam Cheong West,F0801,Nam Cheong District Community Centre,"1 Cheong San Lane, Sham Shui Po, Kowloon"
F09,Fu Cheong,F0901,Ying Wa College,"1 Ying Wa Street, Sham Shui Po, Kowloon"
F10,Lai Kok,F1001,Lai Kok Community Hall,"Lai Kok Estate, Cheung Sha Wan, Kowloon"
F11,Fortune,F1101,SKH Kei Fook Primary School,"555 Cheung Sha Wan Road, Cheung Sha Wan, Kowloon"
F11,Fortune,F1102,Sham Shui Po Government Primary School,"101 Sham Mong Road, Sham Shui Po, Kowloon"
F12,Lai Chi Kok South,F1201,SKH St. Mary's Church Mok Hing Yiu College,"1 Hoi Lai Street, Sham Shui Po, Kowloon"
F13,Mei Foo South,F1301,Mei Foo Sun Chuen Community Centre,"38 Broadway, Stage 2, Mei Foo Sun Chuen, Kowloon"
F14,Mei Foo Central,F1401,POH Mei Foo Lai Wan Kaifong Association Mr. and Mrs. Leung Chi Chim Elderly Health Support and Learning Centre,"8 Lai Wan Rd, Kowloon"
F15,Mei Foo North,F1501,Lai Chi Kok Park Sports Centre,"1 Lai Wan Road, Lai Chi Kok, Kowloon"
F16,Lai Chi Kok Central,F1601,Lai Chi Kok Community Hall,"G/F, 863 Lai Chi Kok Road, Sham Shui Po, Kowloon"
F17,Lai Chi Kok North,F1701,Five Districts Business Welfare Association School,"70 Wing Hong Street, Sham Shui Po, Kowloon"
F18,Un Chau & So Uk,F1801,Cheung Sha Wan Sports Centre,"J/O Hing Wah Street and Cheung Sha Wan Road, Kowloon"
F19,Lei Cheng Uk,F1901,Cheung Sha Wan Community Centre,"55 Fat Tseung Street, Cheung Sha Wan, Kowloon"
F20,Ha Pak Tin,F2001,Pak Tin Community Hall,"Pak Tin Estate, Pak Tin Street, Shek Kip Mei, Kowloon"
F21,Yau Yat Tsuen,F2101,Our Lady of The Rosary College,"22 Rose Street, Yau Yat Chuen, Kowloon"
F22,"Nam Shan, Tai Hang Tung & Tai Hang Sai",F2201,Tai Hang Tung Community Centre,"17 Tong Yam Street, Tai Hang Tung, Kowloon"
F23,Lung Ping & Sheung Pak Tin,F2301,Pak Tin Catholic Primary School,"Pak Tin Estate, Sham Shui Po, Kowloon"
F23,Lung Ping & Sheung Pak Tin,F2302,"Chak On Centre, City University of Hong Kong","Chak On Estate, Sham Shui Po, Kowloon"
G01,Ma Tau Wai,G0101,Ma Tau Chung Government Primary School,"1 Fuk Cheung Street, To Kwa Wan, Kowloon"
G02,Ma Hang Chung,G0201,To Kwa Wan Sports Centre,"66 Ha Heung Road, To Kwa Wan, Kowloon"
G03,Ma Tau Kok,G0301,PLK Lam Man Chan English Primary School,"24 Sheung Heung Road, To Kwa Wan, Kowloon"
G04,Lok Man,G0401,St. Eugene de Mazenod Oblate Primary School,"24 Tin Kwong Road,To Kwa Wan, Kowloon"
G05,Sheung Lok,G0501,St. Monica's Kindergarten,"G/F, Kwun Hei Court, 3 Sheung Lok Street, Homantin South, Kowloon"
G05,Sheung Lok,G0502,YMMSS Homantin Integrated Centre for Youth Development,"G/F, Tim Man House, Homantin Estate, Homantin, Kowloon"
G06,Ho Man Tin,G0601,Yu Chun Keung Memorial College,"Man Fuk Road, Homantin, Kowloon"
G06,Ho Man Tin,G0602,Homantin Government Secondary School,"8 Perth Street, Homantin, Kowloon"
G07,Kadoorie,G0701,Caritas Community Centre - Kowloon,"256A Prince Edward Road West, Kowloon"
G07,Kadoorie,G0702,Kowloon Chamber of Commerce,"2 Liberty Avenue, Homantin, Kowloon"
G10,Lung Shing,G1001,Kowloon City Sports Centre,"3/F, Kowloon City Municipal Services Building, 100 Nga Tsin Wai Road, Kowloon City, Kowloon"
G11,Sung Wong Toi,G1101,Holy Trinity Primary School,"57 Fu Ning Street, Kowloon City, Kowloon"
G12,Kai Tak North,G1201,PLK Wan Lam May Yin Shirley Neighborhood Elderly Centre,"Flat A206, 2/F, Ching Long Shopping Centre, 12 Muk Hung Street, Kai Tak, Kowloon"
G13,Kai Tak South,G1301,Buddhist Mr & Mrs Chan Chart Man Kindergarten,"Tak Long Estate, Kai Tak, Kowloon"
G14,Hoi Sham,G1401,SKH Holy Carpenter Primary School,"14 Kwei Chow Street, To Kwa Wan, Kowloon"
G15,To Kwa Wan North,G1501,To Kwa Wan Complex Indoor Games Room,"2/F, To Kwa Wan Market & Government Offices, 165 Ma Tau Wai Road, To Kwa Wan, Kowloon"
G16,To Kwa Wan South,G1601,CCC Kei To Secondary School,"28 Sung On Street, To Kwa Wan, Kowloon"
G17,Hok Yuen Laguna Verde,G1701,POH Mrs Yam Wing Yin Kindergarten Day Nursery,"G/F, Tower 23, Laguna Verde, Hung Hom, Kowloon"
G17,Hok Yuen Laguna Verde,G1702,Hung Hom Community Hall,"UG/F, Kowloon City Government Offices, 42 Bailey Street, Hung Hom, Kowloon"
G18,Whampoa East,G1801,GCE Past Students' Association Whampoa Primary School,"30 Tak On Street, Whampoa Garden, Hung Hom, Kowloon"
G19,Whampoa West,G1901,SKH Fung Kei Millennium Primary School,"2 Tak Ting Street, Whampoa Garden, Hung Hom, Kowloon"
G20,Hung Hom Bay,G2001,SKH Holy Carpenter Secondary School,"10 Tai Wan Road, Hung Hom, Kowloon"
G21,Hung Hom,G2101,Hung Hom Municipal Services Building Sports Centre,"3/F, Hung Hom Municipal Services Building, 11 Ma Tau Wai Road, Hung Hom, Kowloon"
G23,Oi Man,G2301,Ho Man Tin Sports Centre,"1 Chung Yee Street, Homantin, Kowloon"
G24,Oi Chun,G2401,Martha Boss Lutheran Community Centre,"1/F, 89 Chung Hau Street, Homantin, Kowloon"
H01,Lung Tsui,H0101,Wong Tai Sin Community Centre,"104 Ching Tak Street, Wong Tai Sin, Kowloon"
H02,Lung Ha,H0201,Wong Tai Sin Government Primary School,"100 Ching Tak Street, Wong Tai Sin, Kowloon"
H03,Lung Sheung,H0301,Lung Cheung Government Secondary School,"1 Ma Chai Hang Road, Wong Tai Sin, Kowloon"
H04,Fung Wong,H0401,Sik Sik Yuen Clinic,"G/F, Unit C, Sik Sik Yuen Social Services Complex, 38 Fung Tak Road, Wong Tai Sin, Kowloon"
H05,Fung Tak,H0501,Fung Tak Estate Community Centre,"Fung Tak Estate, 111 Fung Tak Road, Diamond Hill, Kowloon"
H06,Lung Sing,H0601,The Boys' & Girls' Clubs Association of Hong Kong Jockey Club Tsz Wan Shan Children & Youth Integrated Services Centre,"Lung Poon Court, Diamond Hill, Kowloon"
H06,Lung Sing,H0602,Chun Tok School,"171 Hammer Hill Road, Diamond Hill, Kowloon"
H07,San Po Kong,H0701,PLK Stanley Ho Sau Nan Primary School,"30 Hong Keung Street, San Po Kong, Kowloon"
H07,San Po Kong,H0702,Canossa Primary School (San Po Kong),"9 Choi Yee Lane, San Po Kong, Kowloon"
H08,Tung Tau,H0801,Tung Tau Community Centre,"26 Lok Sin Road, Wong Tai Sin, Kowloon"
H09,Tung Mei,H0901,SKH Kei Tak Primary School,"Tai Shing Street, Wong Tai Sin, Kowloon"
H10,Lok Fu,H1001,Morse Park Sports Centre,"40 Fung Mo Street, Wong Tai Sin, Kowloon"
H12,Tin Keung,H1201,Price Memorial Catholic Primary School,"Tin Ma Court, 53 Chuk Yuen Road, Wong Tai Sin, Kowloon"
H12,Tin Keung,H1202,Kit Sam Lam Bing Yim Secondary School,"9 Fu Mei Street, Wang Tau Hom, Kowloon"
H13,Tsui Chuk & Pang Ching,H1301,Ho Tak Kindergarten (Sponsored by Sik Sik Yuen),"G/F, Chung Yuen House, Chuk Yuen North Estate, Wong Tai Sin, Kowloon"
H13,Tsui Chuk & Pang Ching,H1302,"Level 5, Tsui Chuk Commercial Complex","Level 5, Tsui Chuk Commercial Complex, Tsui Chuk Garden, 8 Chui Chuk Street, Wong Tai Sin, Kowloon"
H14,Chuk Yuen South,H1401,Chuk Yuen Estate Community Centre,"Chuk Yuen South Estate, 11 Chuk Yuen Road, Wong Tai Sin, Kowloon"
H14,Chuk Yuen South,H1402,Baptist Rainbow Primary School,"Chuk Yuen South Estate, Wong Tai Sin, Kowloon"
H15,Chuk Yuen North,H1501,Chuk Yuen Sports Centre,"Chuk Yuen North Estate, 10 Chuk Yuen Road, Wong Tai Sin, Kowloon"
H16,Tsz Wan West,H1601,Ho Lap Primary School (Sponsored by Sik Sik Yuen),"Tsz Lok Estate, Tsz Wan Shan, Kowloon"
H17,Ching Oi,H1701,Chiu Ha Kindergarten,"Kindergarten Block, Stage 3, Tsz Oi Court, 120 Tsz Wan Shan Road, Tsz Wan Shan, Kowloon"
H19,Tsz Wan East,H1901,Tak Oi Secondary School,"8 Tsz Wan Shan Road, Tsz Wan Shan, Kowloon"
H20,King Fu,H2001,Ho Fu Neighbourhood Centre for Senior Citizens (Sponsored by Sik Sik Yuen),"Fu Shun House, Fu Shan Estate, Wong Tai Sin, Kowloon"
H20,King Fu,H2002,Hong Kong Playground Association Jockey Club King Fu Integrated Service Centre For Children & Youth,"Fu Shun House, Fu Shan Estate, Wong Tai Sin, Kowloon"
H21,Choi Wan East,H2101,PLK Anita L. L. Chan (Centenary) School,"Choi Wan Estate, 55 Clear Water Bay Road, Kowloon"
H22,Choi Wan South,H2201,Hong Kong Kindergarten Association Pre-School,"G/F, Chi Siu House, Choi Wan Estate, Kowloon"
H23,Choi Wan West,H2301,Choi Wan Estate Community Centre,"38 Choi Fung Path, Choi Wan (I) Estate, Ngau Chi Wan, Kowloon"
H24,Chi Choi,H2401,Buddhist Hung Sean Chau Memorial College,"10 Ping Ting Road, Hammer Hill, Kowloon"
H24,Chi Choi,H2402,CCC Kei Wa Primary School,"3 Wong Kuk Avenue, Choi Hung Estate, Wong Tai Sin, Kowloon"
H25,Choi Hung,H2501,SKH St. Benedict's School,"11 Lam Chung Avenue, Choi Hung Estate, Kowloon"
J03,Kai Yip,J0301,Kai Yip Community Hall,"Kai Yip Estate, Kowloon Bay, Kowloon"
J04,Lai Ching,J0401,Yan Chai Hospital Law Chan Chor Si College,"10 Kai Lai Road, Kowloon Bay, Kowloon"
J07,Jordan Valley,J0701,Hong Kong Christian Service Bliss District Elderly Community Centre,"G/F, Choi Lok House, Choi Fook Estate, Kwun Tong, Kowloon"
J07,Jordan Valley,J0702,Choi Ha Estate Kit Sam Kindergarten,"Choi Ha Estate, Ngau Tau Kok, Kowloon"
J08,Shun Tin,J0801,Ning Po No.2 College,"9 Shun On Road, Shun Tin Estate, Kwun Tong, Kowloon"
J10,On Lee,J1001,Carmel Leung Sing Tak School,"Shun On Estate, Kwun Tong, Kowloon"
J11,Po Tat,J1101,Sau Mau Ping Catholic Primary School,"Po Tat Estate, Sau Mau Ping, Kwun Tong, Kowloon"
J13,Hiu Lai,J1301,Chan Mung Yan Lutheran Kindergarten,"G/F, Hiu On House, Hiu Lai Court, Sau Mau Ping, Kwun Tong, Kowloon"
J13,Hiu Lai,J1302,CASMP Chen Lee Wing Tsing Kindergarten,"G/F, Hiu Tin House, Hiu Lai Court, Sau Mau Ping, Kwun Tong, Kowloon"
J14,Sau Mau Ping South,J1401,Kwun Tong Government Primary School (Sau Ming Road),"130 Sau Ming Road, Sau Mau Ping, Kwun Tong, Kowloon"
J14,Sau Mau Ping South,J1402,CNEC Kei Shek Church,"G/F, Carpark B, Po Tat Estate, Sau Mau Ping, Kowloon"
J16,Hing Tin,J1601,St. Edward's Catholic Primary School,"8 Hing Tin Street, Lam Tin, Kowloon"
J17,Lam Tin,J1701,St. Paul's School (Lam Tin),"10 On Tin Street, Lam Tin, Kowloon"
J17,Lam Tin,J1702,Fei Ngan Kindergarten,"Roof Top, Carpark, Hong Yat Court, Lam Tin, Kowloon"
J19,Ping Tin,J1901,SKH Lee Shiu Keung Primary School,"School No.1, Ping Tin Estate, On Tin Street, Lam Tin, Kowloon"
J20,Pak Nga,J2001,SKH Kindly Light Church Holy Carpenter Kindergarten,"Level 7, Carpark Building, Hong Pak Court, Lam Tin, Kowloon"
J22,Yau Lai,J2201,SKH Yautong Kei Hin Primary School,"23 Yau Tong Road, Yau Tong, Kowloon"
J23,Chui Cheung,J2301,Hong Kong Chinese Women's Club Dr. Ellen Li Learning Centre,"Unit 2, Carpark Level 3, Ko Cheung Court, Yau Tong, Kowloon"
J25,Laguna City,J2501,Sai Tso Wan Neighbourhood Community Centre,"81 Cha Kwo Ling Road, Yau Tong, Kowloon"
J26,King Tin,J2601,Lam Tin (West) Estate Community Centre,"71 Kai Tin Road, Lam Tin, Kowloon"
J27,Tsui Ping,J2701,Our Lady of China Catholic Primary School,"Our Lady of China Catholic Primary School, Kwun Tong, Kowloon"
J28,Po Lok,J2801,Kwun Tong Maryknoll College,"100 Tsui Ping Road, Kwun Tong, Kowloon"
J29,Yuet Wah,J2901,Delia Memorial School (Yuet Wah),"19 Yuet Wah Street, Kwun Tong, Kowloon"
J30,Hip Hong,J3001,Shui Wo Street Sports Centre,"8/F, Shui Wo Street Municipal Services Building, 9 Shui Wo Street, Kwun Tong, Kowloon"
J30,Hip Hong,J3002,Hiu Kwong Street Sports Centre,"2 Hiu Kwong Street, Kwun Tong, Kowloon"
J31,Hong Lok,J3101,Kwun Tong Kung Lok Government Secondary School,"90 Kung Lok Road, Kwun Tong, Kowloon"
J32,Ting On,J3201,SKH Kei Hin Primary School,"Nam Wah Po Village Tsung Tsin Church, Tai Po, New Territories, HK"
J33,Upper Ngau Tau Kok Estate,J3301,Kwun Tong Methodist Social Service Ngau Tau Kok Youth Integrated Service Centre,"The Central Plaza, Upper Ngau Tau Kok Estate, 189 Ngau Tau Kok Road, Kwun Tong, Kowloon"
J34,Lower Ngau Tau Kok Estate,J3401,Chun Wah Road Sports Centre,"50 Chun Wah Road, Ngau Tau Kok, Kowloon"
J34,Lower Ngau Tau Kok Estate,J3402,PLK Koo Bin Kau Lee Day Care Centre for the Elderly,"G/F, Kwai Yuet House & Kwai Hin House, Lower Ngau Tau Kok Estate, Kwun Tong, Kowloon"
J36,Lok Wah North,J3601,SKH Kei Lok Primary School,"Lok Wah Estate, Ngau Tau Kok, Kowloon"
J37,Lok Wah South,J3701,Lok Wah Estate Community Centre,"80 Chun Wah Road, Lok Wah South Estate, Ngau Tau Kok, Kowloon"
K02,Yeung Uk Road,K0201,Tsuen Wan Catholic Primary School,"37-41 Tak Wah Street, Tsuen Wan, New Territories"
K03,Hoi Bun,K0301,Shak Chung Shan Memorial Catholic Primary School,"39 Wing Shun Street, Riviera Gardens, Tsuen Wan, New Territories"
K04,Clague Garden,K0401,POCA Wong Siu Ching Secondary School,"2 Tai Pa Street, Tsuen Wan, New Territories"
K06,Discovery Park,K0601,Tsuen King Circuit Sports Centre,"38 Mei Wan Street, Tsuen Wan, New Territories"
K07,Tsuen Wan Centre,K0701,Chai Wan Kok Catholic Primary School,"2-10 On Yin Street, Tsuen Wan, New Territories"
K08,Allway,K0801,CCC Kei Wai Primary School,"167-185 Tsuen King Circuit, Tsuen Wan, New Territories"
K08,Allway,K0802,Chuen Lung Village Office,"24C Chuen Lung Village, Route Twisk, Tsuen Wan, New Territories"
K09,Lai To,K0901,Tsuen Wan Government Primary School,"600 Castle Peak Road, Belvedere Garden, Tsuen Wan, New Territories"
K10,Ting Sham,K1001,Sham Tseng Catholic Primary School,"37 Castle Peak Road - Sham Tseng, Tsuen Wan, New Territories"
K11,Tsuen Wan West,K1101,Hong Kong Baptist Convention Primary School,"Belvedere Garden, 2 Lai Shun Road, Tsuen Wan, New Territories"
K11,Tsuen Wan West,K1102,"St. Francis Xavier's School, Tsuen Wan","60-64 Ham Tin Street, Tsuen Wan, New Territories"
K12,Tsuen Wan Rural,K1201,The Yuen Yuen Institute Tsuen Wan West Elderly Neighbourhood Centre,"Shop H2, G/F Rhine Garden, 38 Castle Peak Road, Sham Tseng, New Territories"
K12,Tsuen Wan Rural,K1202,Former Site of Oceanic Kindergarten,"D.D.387 Lung Yue Road, Tsing Lung Tau, Tsuen Wan, New Territories"
K12,Tsuen Wan Rural,K1203,Hongkong Garden Club Ltd.,"Hongkong Garden, 100 Castle Peak Road, Tsing Lung Tau, Tsuen Wan, New Territories"
K13,Ma Wan,K1301,CCC Kei Wai Primary School (Ma Wan),"12 Pak Lam Road, Park Island, Ma Wan, Tsuen Wan, New Territories"
K14,Luk Yeung,K1401,Wai Tsuen Sports Centre,"6 Miu Kong Street, Tsuen Wan, New Territories"
K15,Lei Muk Shue East,K1501,Lei Muk Shue Community Hall,"G/F, Hong Shue House, Lei Muk Shue Estate, Tsuen Wan, New Territories"
K15,Lei Muk Shue East,K1502,Ho Pui Tsuen Village Office,"House No.48B, Ho Pui Tsuen, Kwok Shui Road, Tsuen Wan, New Territories"
K16,Lei Muk Shue West,K1601,Lei Muk Shue Catholic Primary School,"Lei Muk Shue Catholic Primary School, Tsuen Wan, New Territories"
K17,Shek Wai Kok,K1701,HKTA YYI Shek Wai Kok Primary School,"HKTA YYI Shek Wai Kok Primary School, HK"
K18,Cheung Shek,K1801,Tsuen Wan Lutheran School,"Cheung Shan Estate, Tsuen Wan, New Territories"
K18,Cheung Shek,K1802,Tsuen Wan Public Ho Chuen Yiu Memorial College,Tsuen Wan Public Ho Chuen Yiu Memorial College
L01,Tuen Mun Town Centre,L0101,"Exhibition Gallery, Tuen Mun Town Hall","1/F, 3 Tuen Hi Road, Tuen Mun, New Territories"
L01,Tuen Mun Town Centre,L0102,SKH St. Simon's Lui Ming Choi Secondary School,"85, Tuen Mun Heung Sze Wui Road, Tuen Mun, New Territories"
L02,Siu Chi,L0201,PLK HKTA Yuen Yuen Primary School,"26 Tsing Hoi Circuit, Castle Peak Road, Tuen Mun, New Territories"
L02,Siu Chi,L0202,Yan Oi Tong Madam Lau Wong Fat Primary School,"Yan Oi Tong Madam Lau Wong Fat Primary School, Hong Kong"
L03,Siu Tsui,L0301,Semple Memorial Secondary School,"18 Siu Lun Street, Tuen Mun, New Territories"
L03,Siu Tsui,L0302,Ching Chung Hau Po Woon Secondary School,"21 Hang Fu Street, Tuen Mun, New Territories"
L04,On Ting,L0401,On Ting / Yau Oi Community Centre,"On Ting Estate, Tuen Mun, New Territories"
L04,On Ting,L0402,SKH St. Peter's Church Castle Peak Siu Lun Court Kindergarten,"G/F, Siu Lun Court Shopping Centre, Tuen Mun, New Territories"
L05,Yau Oi South,L0501,STFA Tam Pak Yu College,"9 Yau Oi Road, Yau Oi Estate, Tuen Mun, New Territories"
L06,Yau Oi North,L0601,Islamic Primary School,"2 Oi Tak Lane, Yau Oi Estate, Tuen Mun, New Territories"
L06,Yau Oi North,L0602,YCH Ho Sik Nam Primary School,"Area 16, Tuen Mun, New Territories"
L08,Shan King,L0801,Shan King Community Hall,"Shan King Estate, Tuen Mun, New Territories"
L10,Hing Tsak,L1001,Tai Hing Sports Centre,"38 Tsing Chung Koon Road, Tuen Mun, New Territories"
L11,San Hui,L1101,Yan Oi Tong Woo Chung District Elderly Community Centre,"18 Kai Man Path, Tuen Mun, New Territories"
L11,San Hui,L1102,Tseng Choi Street Community Hall,"27 Tseng Choi Street, Tuen Mun, New Territories"
L12,Sam Shing,L1201,The Salvation Army Sam Shing Chuen Lau Ng Ying School,"Sam Shing Estate, Castle Peak Road, Tuen Mun, New Territories"
L12,Sam Shing,L1202,Customs and Excise Training School,"10 Tai Lam Chung Road, Tuen Mun, New Territories"
L13,Hanford,L1301,Chung Sing Benevolent Society Mrs Aw Boon Haw Secondary School,"20 Siu Lun Street, Tuen Mun, New Territories"
L13,Hanford,L1302,Immigration Service Institute of Training and Development,"Upper Ground Floor, 82 Castle Peak Road, Castle Peak Bay, Tuen Mun, New Territories"
L13,Hanford,L1303,PLK Women's Welfare Club Western District Fung Lee Pui Yiu Primary School,"11 Kwun Tsing Road, So Kwun Wat, Tuen Mun, New Territories"
L14,Fu Sun,L1401,Community Centre of Sun Tuen Mun Centre,"Level 3, Sun Tuen Mun Shopping Centre, 55-65 Lung Mun Road, Tuen Mun, New Territories"
L15,Yuet Wu,L1501,South Tuen Mun Government Secondary School,"218 Wu Shan Road, Tuen Mun, New Territories"
L16,Siu Hei,L1601,LKWFS Lau Tak Yung Memorial Primary School,"263 Wu Chui Road, Tuen Mun, New Territories"
L17,Wu King,L1701,TWGHs Sun Hoi Directors' College,"3 Wu Cheong Street, Wu King Estate, Tuen Mun, New Territories"
L18,Butterfly,L1801,FDBWA Chow Chin Yau School,"Siu Shan Court, Butterfly Estate, Tuen Mun, New Territories"
L18,Butterfly,L1802,Butterfly Bay Community Centre,"Butterfly Estate, Tuen Mun, New Territories"
L19,Lok Tsui,L1901,Lutheran Tsang Shing Siu Leun School,"Lutheran Tsang Shing Siu Leun School, Hong Kong"
L19,Lok Tsui,L1902,Lung Kwu Tan Village Office,"1 Pak Long Tsuen, Lung Kwu Tan, Tuen Mun, New Territories"
L21,San King,L2101,HKRSS Tuen Mun Primary School,"Leung King Estate, Tuen Mun, New Territories"
L22,Leung King,L2201,Leung King Community Centre,"Leung King Estate, Tuen Mun, New Territories"
L23,Tin King,L2301,SRBCEPSA Ho Sau Ki School,"SRBCEPSA Ho Sau Ki School, Tuen Mun, New Territories"
L24,Po Tin,L2401,PLK Horizon East Primary School,"PLK Horizon East Primary School, Tuen Mun, New Territories"
L24,Po Tin,L2402,Tuen Mun Tsz Tin Tsuen Village Office,"93 Tsz Tin Tsuen, Tsz Tin Road, Tuen Mun, New Territories"
L25,Kin Sang,L2501,Kin Sang Community Hall,"Kin Sang Estate, Tuen Mun, New Territories"
L26,Siu Hong,L2601,Tuen Mun Government Primary School,"Siu Hong Court, Tuen Mun, New Territories"
L27,Prime View,L2701,SKH Mung Yan Primary School,"1 King Fung Path, Tuen Mun, New Territories"
L27,Prime View,L2702,Hing Tak School,"1 Hing Ping Road, Tuen Mun, New Territories"
L28,Fu Tai,L2801,"Simon and Eleanor Kwok Building, Lingnan University","SEKG09, Simon and Eleanor Kwok Building, Lingnan University, Tuen Mun, New Territories"
L28,Fu Tai,L2802,Fuk Hang Tsuen Village Office,"Fuk Hang Tsuen Road, Tuen Mun, New Territories"
L29,Tuen Mun Rural,L2901,Kiu Saw Public School,"1A Chung Uk Tsuen, Tuen Mun, New Territories"
L29,Tuen Mun Rural,L2902,Tuen Mun School,"254 Ng Lau Road, Tuen Mun, New Territories"
L29,Tuen Mun Rural,L2903,Tuen Mun San Tsuen Village Office,"57A Tuen Mun San Tsuen, Lam Tei, Tuen Mun, New Territories"
M01,Fung Nin,M0101,Yuen Long Merchants Association Primary School,"244 Castle Peak Road, Yuen Long, New Territories"
M03,Nam Ping,M0301,Long Ping Community Hall,"Long Ping Estate, Yuen Long, New Territories"
M04,Pek Long,M0401,Yuen Long Long Ping Estate Tung Koon Primary School,"Phase 1, Long Ping Estate, Yuen Long, New Territories"
M04,Pek Long,M0402,Cumberland Presbyterian Church Yao Dao Secondary School,"28 Hong Yip Street, Area 16, Yuen Long Kau Hui, Yuen Long, New Territories"
M05,Yuen Long Centre,M0501,Yuen Long Post Office,"Shop B, G/F, 8 Yuen Long Pau Cheung Square, Yuen Long, New Territories"
M05,Yuen Long Centre,M0502,Fung Kam Street Sports Centre,"20 Fung Yau Street North, Yuen Long, New Territories"
M06,Yuen Lung,M0601,CCC Kei Yuen College,"Fung Yau Street East, Yuen Long, New Territories"
M07,Fung Cheung,M0701,Buddhist Wing Yan School,"6 Fung Yau Street South, Yuen Long, New Territories"
M13,Ping Shan North,M1301,Wang Chau Village Office,"142 Fuk Hing Tsuen, Wang Chau, Yuen Long, New Territories"
M13,Ping Shan North,M1302,Former Sha Kong Public Luen Yick School,"Sha Kong Wai, Ping Shan, Yuen Long, New Territories"
M14,Ha Tsuen,M1401,ELCHK Wing Jan Lutheran Church,"Deep Bay Road, Lau Fau Shan, Yuen Long, New Territories"
M14,Ha Tsuen,M1402,Sik Kong Wai Village Office,"56 Sik Kong Wai, Ha Mei Road, Ha Tsuen, Yuen Long, New Territories"
M14,Ha Tsuen,M1403,The Neighbourhood Advice - Action Council Tuen Mun / Yuen Long Rural Village Centre,"Shop No.1, G/F, Aster Court Shopping Arcade, 8 Hung Tai Road, Hung Shui Kiu, Yuen Long, New Territories"
M15,Tin Shing,M1501,Queen Elizabeth School Old Students' Association Branch Primary School,"Area 3, Phase 4, Tin Shui Wai, Yuen Long, New Territories"
M15,Tin Shing,M1502,Pui Shing Catholic Secondary School,"9 Tin Ho Road, Tin Shui Wai, Yuen Long, New Territories"
M16,Shui Oi,M1601,Tin Shui Community Centre,"Tin Shui Estate, Tin Shui Wai, Yuen Long, New Territories"
M17,Shui Wah,M1701,TWGHs Yiu Dak Chi Memorial Primary School (Yuen Long),"Estate Primary School, Phase 1, Tin Shui Estate, Tin Shui Wai, Yuen Long, New Territories"
M18,Chung Wah,M1801,The Jockey Club Eduyoung College,"Area 31, Phase 1, Tin Chung Court, Tin Shui Wai, Yuen Long, New Territories"
M18,Chung Wah,M1802,TWGHs Leo Tung-hai Lee Primary School,"19 Tin Tan Street, Tin Shui Wai, Yuen Long, New Territories"
M20,Fu Yan,M2001,Xianggang Putonghua Yanxishe Primary School of Science and Creativity,"Tin Fu Court, 25 Tin Sau Road, Tin Shui Wai, Yuen Long, New Territories"
M21,Yat Chak,M2101,Christian Alliance S Y Yeh Memorial Primary School,"Tin Chak Estate, Tin Shui Wai, Yuen Long, New Territories"
M22,Tin Heng,M2201,STFA Wu Mien Tuen Primary School,"Tin Heng Estate, Tin Shui Wai, Yuen Long, New Territories"
M24,Ching King,M2401,Tin Ching Community Hall,"Tin Ching Estate, Tin Wan Road, Tin Shui Wai, Yuen Long, New Territories"
M25,Kingswood North,M2501,The Hong Kong Management Association K S Lo College,"26 Tin Pak Road, Tin Shui Wai, Yuen Long, New Territories"
M26,Tsz Yau,M2601,BTCFS Yeung Yat Lam Memorial School,"6 Tin Pak Road, Tin Shui Wai, Yuen Long, New Territories"
M27,Yiu Yau,M2701,Tin Shui Wai Government Secondary School,"Phase 2, Tin Yiu Estate, Tin Shui Wai, Yuen Long, New Territories"
M28,Tin Yiu,M2801,Tin Yiu Community Centre,"Tin Yiu Estate, Tin Shui Wai, Yuen Long, New Territories"
M29,Kingswood South,M2901,"Vocational Training Council,Youth College (Tin Shui Wai)","11 Tin Ho Road, Tin Shui Wai, Yuen Long, New Territories"
M29,Kingswood South,M2902,Tin Shui Wai Government Primary School,"8 Tin Shui Road, Tin Shui Wai, Yuen Long, New Territories"
M30,Chung Pak,M3001,HKFYG Lee Shau Kee Primary School,"11 Tin Wing Road, Tin Shui Wai, Yuen Long, New Territories"
M31,Fairview Park,M3101,HKMLC Wong Chan Sook Ying Memorial School,"Bauhinia Road East, Fairview Park, Tai Shang Wai, Yuen Long, New Territories"
M32,San Tin,M3201,Tun Yu School,"San Tin, Yuen Long, New Territories"
M32,San Tin,M3202,Temporary Office at the Open Space in front of the intersection of Ha Chuk Yuen Road and Kam Pok Road,"Chuk Yuen Tsuen, Castle Peak Road - Tam Mi, Yuen Long, New Territories"
M34,Pat Heung North,M3401,Toi Shan Public School (Former),"100 Wang Toi Shan Shan Tsuen, Fan Kam Road, Pat Heung, Yuen Long, New Territories"
M35,Pat Heung South,M3501,Pat Heung Central Primary School (Shek Wu Tong),"168 Shek Wu Tong Tsuen, Kam Sheung Road, Pat Heung, Yuen Long, New Territories"
N01,Luen Wo Hui,N0101,HHCKLA Buddhist Ma Kam Chan Memorial English Secondary School,"HHCKLA Buddhist Ma Kam Chan Memorial English Secondary School, Fanling, New Territories, Hong Kong"
N02,Fanling Town,N0201,Fanling Public School,"651 Fanling Village, Fanling, New Territories"
N02,Fanling Town,N0202,Caritas Fanling Chan Chun Ha Secondary School,"28 San Wan Road, Fanling, New Territories"
N03,Cheung Wah,N0301,Cheung Wah Community Hall,"Cheung Wah Estate, Fanling, New Territories"
N05,Wah Ming,N0501,Fung Kai Liu Yun Sum Memorial School,"Wah Ming Estate, Fanling, New Territories"
N08,Fanling South,N0801,Fanling Government Secondary School,"27 Yat Ming Road, Fanling, New Territories"
N08,Fanling South,N0802,Tin Ka Ping Secondary School,"1 Wai Hon Road, Fanling, New Territories"
N10,Yu Tai,N1001,Elegantia College (Sponsored by Education Convergence),"8 Ching Shing Road, Sheung Shui, New Territories"
N11,Sheung Shui Rural,N1101,Kam Tsin Village Ho Tung School,"Kam Tsin Village, Sheung Shui, New Territories"
N11,Sheung Shui Rural,N1102,Tsiu Keng Village Office,"Tsiu Keng Lo Wai, Sheung Shui, New Territories"
N11,Sheung Shui Rural,N1103,Ku Tung Public Oi Wah School,"Ho Sheung Heung Road, Kwu Tung Village, Sheung Shui, New Territories"
N11,Sheung Shui Rural,N1104,Hang Tau Village Office,"25 Hang Tau Tsuen, Sheung Shui, New Territories"
N12,Choi Yuen,N1201,Choi Yuen Estate Hall,"Choi Yuen Estate, Sheung Shui, New Territories"
N13,Shek Wu Hui,N1301,Lung Sum Avenue Sports Centre,"155 Jockey Club Road, Sheung Shui, New Territories"
N13,Shek Wu Hui,N1302,SKH Chan Young Secondary School,"6 Chi Cheong Road, Sheung Shui, New Territories"
N13,Shek Wu Hui,N1303,HHCKLA Buddhist Chan Shi Wan Primary School,"Yuk Po Court, Sheung Shui, New Territories"
N14,Tin Ping West,N1401,Shek Wu Hui Public School,"Tin Ping Estate, Sheung Shui, New Territories"
N15,Fung Tsui,N1501,Fung Kai Liu Man Shek Tong Secondary School,"6 Fung Nam Road, Sheung Shui, New Territories"
N16,Sha Ta,N1601,Ta Ku Ling Ling Ying Public School,"Ta Ku Ling Ling Ying Public School, Ta Ku Ling, North District, New Territories, Hong Kong"
N16,Sha Ta,N1602,International College Hong Kong,"60 Sha Tau Kok Road, Shek Chung Au, Sha Tau Kok, New Territories"
N16,Sha Ta,N1603*,Kut O Village Association,"51 Kat O Main Street, Kat O Island, Sha Tau Kok, New Territories"
N16,Sha Ta,N1604,Sha Tau Kok Central Primary School,"Sha Tau Kok Central Primary School, Sha Tau Kok Hui, Sha Tau Kok, New Territories, Hong Kong"
N16,Sha Ta,N1605*,Lee's Ancestral Hall,"103 Chi Sum Road, Wu Kau Tang Village, Sha Tau Kok, New Territories"
N16,Sha Ta,N1606,Ta Kwu Ling Community Hall,"G/F, Ta Kwu Ling Rural Centre Government Building, 136 Ping Che Road, Ta Kwu Ling, New Territories"
N17,Tin Ping East,N1701,Tin Ping Sports Centre,"3/F, Tin Ping Shopping Centre, Tin Ping Estate, Sheung Shui, New Territories, HK"
N17,Tin Ping East,N1702,Luen Wo Hui Community Hall,"G/F, 9 Wo Mun Street, Luen Wo Hui, Fanling, New Territories"
P01,Tai Po Hui,P0101,Tai Po Community Centre (Exhibition Hall),"2 Heung Sze Wui Street, Tai Po, New Territories"
P02,Tai Po Central,P0201,Tai Po Government Secondary School,"12 On Pong Road, Tai Po, New Territories"
P03,Chung Ting,P0301,NTW&JWAL Leung Sing Tak Primary School,"Tai Yuen Estate, Tai Po, New Territories"
P03,Chung Ting,P0302,HKRSS Tai Po Secondary School,"Fu Heng Estate, Tai Po, New Territories"
P04,Tai Yuen,P0401,Tai Yuen Community Hall,"Tai Yuen Estate, Tai Po, New Territories"
P05,Fu Heng,P0501,Fu Heng Neighbourhood Community Centre,Fu Heng Neighbourhood Community Centre
P06,Yee Fu,P0601,Fu Shin Community Hall,"Fu Shin Estate, Tai Po, New Territories"
P07,Fu Ming Sun,P0701,HKTA The Yuen Yuen Institute No.2 Secondary School,"Fu Shin Estate, Tai Po, New Territories"
P08,Kwong Fuk & Plover Cove,P0801,Kwong Fuk Community Hall,"Kwong Fuk Estate, Tai Po, New Territories"
P08,Kwong Fuk & Plover Cove,P0802,Sung Tak Wong Kin Sheung Memorial School,"Tung Cheong Street, Tai Po, New Territories"
P09,Wang Fuk,P0901,Tai Po Baptist Public School,"Kwong Fuk Estate, Tai Po, New Territories"
P11,Wan Tau Tong,P1101,Wan Tau Tong Neighbourhood Community Centre,"Wan Tau Tong Estate, Tai Po, New Territories"
P12,San Fu,P1201,Law Ting Pong Secondary School,"8 Ma Chung Road, Tai Po, New Territories"
P12,San Fu,P1202,Norwegian International School,"170 Kam Shan Road, Tai Po, New Territories"
P13,Lam Tsuen Valley,P1301,Nam Wah Po Village Tsung Tsin Church,"Nam Wah Po Village, Tai Wo Service Road West, Lam Tsuen Valley, Tai Po, New Territories, HK"
P13,Lam Tsuen Valley,P1302,Lions Club Lam Tsuen Youth Centre,"Fong Ma Po, Lam Tsuen, Tai Po, New Territories"
P13,Lam Tsuen Valley,P1303,Tai Po Tau Shui Wai Village Office,"G/F, Tai Po Tau Shui Wai Village Office, Tai Po, New Territories"
P13,Lam Tsuen Valley,P1304,Tai Hang Public School,"Tai Hang Village, Tai Po, New Territories"
P14,Po Nga,P1401,Assembly of God Hebron Secondary School,"Assembly of God Hebron Secondary School, Po Nga Court, Tai Po, New Territories"
P16,Old Market & Serenity,P1601,Tai Wo Neighbourhood Community Centre,"Tai Wo Estate, Tai Po, New Territories"
P17,Hong Lok Yuen,P1701,Tai Po Sam Yuk Secondary School,"2 Tai Po Tau Drive, Tai Po, New Territories"
P17,Hong Lok Yuen,P1702,Kau Lung Hang Public Yuk Yin School,"62 Kau Lung Hang Village, Tai Po, New Territories"
P17,Hong Lok Yuen,P1703,Conference Room of Hong Lok Yuen Management Services Office,"Flat A, 1/F, No.5 Town Centre Crescent, Hong Lok Yuen, Tai Po, New Territories"
P17,Hong Lok Yuen,P1704,Confucian Tai Shing Ho Kwok Pui Chun College,"Fu Shin Estate, Tai Po, New Territories"
P19,Sai Kung North,P1901,Hong Kong Baptist Theological Seminary,"1 Nin Ming Road, Sai O, Sai Kung (North), New Territories"
P19,Sai Kung North,P1902*,Sai Kung Country Park Visitor Centre,"531 Tai Mong Tsai Road, Pak Tam Chung, Sai Kung, New Territories"
P19,Sai Kung North,P1903,Tap Mun Youth Club,"Tap Mun, Tai Po, New Territories"
Q01,Sai Kung Central,Q0101,The Sai Kung Jockey Club Town Hall,"8 Chan Man Street, Sai Kung, New Territories"
Q01,Sai Kung Central,Q0102,Man Yee Fishermen Village Community Hall,"Man Yee Fishermen Estate, 140 Hong Kin Road, Tui Min Hoi, Sai Kung, New Territories"
Q02,Pak Sha Wan,Q0201,Ex-Sai Kung Central Primary School,"Ho Chung, Sai Kung, New Territories"
Q04,Hang Hau East,Q0401,Hong Kong and Macau Lutheran Church Primary School,"4 Chap Fuk Road, Tseung Kwan O, New Territories"
Q05,Hang Hau West,Q0501,"Cheng Chek Chee Secondary School of Sai Kung & Hang Hau District, N.T.","8 Chuk Kok Road, Sai Kung, New Territories"
Q05,Hang Hau West,Q0502,Po Lam Sports Centre,"Po Lam Estate, Tseung Kwan O, New Territories"
Q06,Po Yee,Q0601,Evangel College,"7 Chi Shin Street, Tseung Kwan O, New Territories"
Q07,Wai King,Q0701,HKYWCA Tseung Kwan O Integrated Social Service Centre,"Tower 17, Ocean Shores, 88 O King Road, Tiu Keng Leng, Tseung Kwan O, New Territories"
Q08,Do Shin,Q0801,Hong Kong Design Institute & Hong Kong Institute of Vocational Education (Lee Wai Lee),"3 King Ling Road, Tseung Kwan O, New Territories"
Q09,Kin Ming,Q0901,HHCKLA Buddhist Ching Kok Secondary School,"38 Chui Ling Road, HK"
Q10,Choi Kin,Q1001,Po Kok Secondary School,"Choi Ming Court, 9 Choi Ming Street, Tseung Kwan O, New Territories"
Q11,O Tong,Q1101,POH 80th Anniversary Tang Ying Hei College,"2 Tong Yin Lane, Tseung Kwan O, New Territories"
Q12,Fu Kwan,Q1201,YCH Wong Wha San Secondary School,"8 Tong Chun Street, Tseung Kwan O, New Territories"
Q13,Kwan Po,Q1301,Tseung Kwan O Sports Ground,"109 Po Hong Road, Tseung Kwan O, New Territories"
Q14,Nam On,Q1401,PLK Fung Ching Memorial Primary School,"2 Pui Shing Road, Tseung Kwan O, New Territories"
Q15,Hong King,Q1501,Tsui Lam Sports Centre,"Tsui Lam Estate, Tseung Kwan O, New Territories"
Q15,Hong King,Q1502,King Ling College,"1 Lam Shing Road, Tseung Kwan O, New Territories"
Q15,Hong King,Q1503,Mission Covenant Church Sister Annie's Kindergarten and Nursery,"G/F, Po Tai House, Po Lam Estate, Tseung Kwan O, New Territories"
Q16,Tsui Lam,Q1601,Tsui Lam Community Hall,"Tsui Lam Estate, Tseung Kwan O, New Territories"
Q17,Po Lam,Q1701,Carmel Divine Grace Foundation Secondary School,"Po Lam Estate, Tseung Kwan O, New Territories"
Q18,Yan Ying,Q1801,Po Lam Multipurpose Hall,"Po Lam Estate, Tseung Kwan O, New Territories"
Q19,Wan Hang,Q1901,STFA Leung Kit Wah Primary School,"2 Mau Tai Road, Tseung Kwan O, New Territories"
Q19,Wan Hang,Q1902,TWGHs Wong Yee Jar Jat Memorial Primary School,"8 Hok Lam Lane, Tseung Kwan O, New Territories"
Q20,King Lam,Q2001,HHCKLA Buddhist Wong Cho Sum School,"King Lam Estate, 38 Po Lam Road North, Tseung Kwan O, New Territories"
Q21,Hau Tak,Q2101,Catholic Ming Yuen Secondary School,"Hau Tak Estate, Tseung Kwan O, New Territories"
Q22,Fu Nam,Q2201,Hang Hau Community Hall,"G/F, Sai Kung Tseung Kwan O Government Complex, 38 Pui Shing Road, Hang Hau, Tseung Kwan O, New Territories"
Q24,Sheung Tak,Q2401,Sheung Tak Community Hall,"Sheung Mei House, Sheung Tak Estate, Tseung Kwan O, New Territories"
Q25,Kwong Ming,Q2501,HKTA The Yuen Yuen Institute No.3 Secondary School,"Sheung Tak Estate, 2 Tong Ming Street, Tseung Kwan O, New Territories"
Q26,Wan Po North,Q2601,Tseung Kwan O Government Primary School,"Hau Tak Estate, Tseung Kwan O, New Territories"
Q26,Wan Po North,Q2602,Lohas Park Community Hall,"The Capitol, LOHAS Park, Tseung Kwan O, New Territories"
Q27,Wan Po South,Q2701,The Hong Kong Federation of Youth Groups LOHAS Youth S.P.O.T.,"The Capitol, LOHAS Park, 1 Lohas Park Road, Sai Kung, New Territories"
R01,Sha Tin Town Centre,R0101,Sha Tin Town Hall,"1 Yuen Wo Road, Sha Tin, New Territories"
R01,Sha Tin Town Centre,R0102,Sha Tin Government Secondary School,"11-17 Man Lai Road, Sha Tin, New Territories"
R02,Lek Yuen,R0201,Lek Yuen Community Hall,"Lek Yuen Estate, Sha Tin, New Territories"
R03,Wo Che Estate,R0301,Wo Che Community Hall,"Podium Level, Wo Che Shopping Centre, Wo Che Estate, Sha Tin, New Territories"
R06,Wong Uk,R0601,Chi Hong Primary School,"1 Yuen Cheong Lane, Sha Tin, New Territories"
R06,Wong Uk,R0602,Belair Gardens Shopping Arcade 1/F Footbridge,"Belair Gardens, 52 Tai Chung Kiu Road, Sha Tin, New Territories"
R07,Sha Kok,R0701,Buddhist Kok Kwong Secondary School,"Sha Kok Estate, Sha Tin, New Territories"
R08,Pok Hong,R0801,Pok Hong Community Hall,"Pok Hong Estate, Sha Tin, New Territories"
R09,Jat Min,R0901,Sha Tin Wai Dr. Catherine F. Woo Memorial School,"2 Jat Min Chuen Street, Sha Tin, New Territories"
R09,Jat Min,R0902,The Hong Kong Girl Guides Association Pok Hong Camp Site,"61 Shui Chuen Au Street, Sha Tin, New Territories"
R10,Chun Fung,R1001,Chun Shek Community Hall,"Chun Shek Estate, Sha Tin, New Territories"
R11,Sun Tin Wai,R1101,Sun Tin Wai Community Hall,"Sun Tin Wai Estate, Sha Tin, New Territories"
R11,Sun Tin Wai,R1102,Ng Yuk Secondary School,"Sun Chui Estate, Tai Wai, Sha Tin, New Territories"
R12,Chui Tin,R1201,Kowloon City Baptist Church Hay Nien (Yan Ping) Primary School,"Phase 2, Sun Chui Estate, Tai Wai, Sha Tin, New Territories"
R13,Hin Ka,R1301,CUHK FAA Thomas Cheung School,CUHKFAA Thomas Cheung School
R13,Hin Ka,R1302,Hin Keng Sports Centre,"Hin Keng Sports Centre, Hin Keng Estate, Sha Tin, New Territories, HK"
R14,Lower Shing Mun,R1401,Mei Tin Community Hall,Mei Tin Community Hall
R15,Wan Shing,R1501,GCCITKD Lau Pak Lok Secondary School,"1 Chik Tai Lane, Tai Wai, Sha Tin, New Territories"
R15,Wan Shing,R1502,PLK C.W. Chu College,"Lung Hang Estate, Tai Wai, Sha Tin, New Territories"
R16,Keng Hau,R1601,Hin Keng Neighbourhood Community Centre,"5 Hin Wo Lane, Sha Tin, New Territories"
R16,Keng Hau,R1602,Choi Jun School,"2 Hin Tai Street, Sha Tin, New Territories"
R18,Chui Ka,R1801,GCCITKD Cheong Wong Wai Primary School,"2 Chui Tin Street, Sun Chui Estate, Sha Tin, New Territories"
R19,Tai Wai,R1901,Buddhist Wong Wan Tin College,"Mei Lam Estate, Tai Wai, Sha Tin, New Territories"
R19,Tai Wai,R1902,Tai Wai Village Office,"Chik Fuk Street, Tai Wai, Sha Tin, New Territories"
R20,Chung Tin,R2001,Mei Lam Sports Centre,"Mei Lam Estate Phase 3, Tai Wai, Sha Tin, New Territories"
R20,Chung Tin,R2002,ELCHK Shatin Lutheran Kindergarten,"1 Tung Lo Wan Hill Road, Tai Wai, Sha Tin, New Territories"
R21,Sui Wo,R2101,PLK Siu Hon Sum Primary School,"Area 42A, Sui Wo Court, Sha Tin, New Territories"
R22,Fo Tan,R2201,Jockey Club Ti-I College,"5-7 Lok King Street, Fo Tan, Sha Tin, New Territories"
R23,Chun Ma,R2301,"John Fulton Centre, The Chinese University of Hong Kong","Room 309, John Fulton Centre, The Chinese University of Hong Kong, Sha Tin, New Territories"
R23,Chun Ma,R2302,Yan Oi Tong H.K. Toi Shan Association Elderly Centre,"G/F, 1 Tsun King Road, Royal Ascot, Fo Tan, Sha Tin, New Territories"
R24,Chung On,R2401,Christian Alliance Toi Shan H. C. Chan Primary School,"Chung On Estate, Ma On Shan, Sha Tin, New Territories"
R25,Kam To,R2501,CUHKFAA Chan Chun Ha Secondary School,"632 Sai Sha Road, Chung On Estate, Ma On Shan, Sha Tin, New Territories"
R26,Ma On Shan Town Centre,R2601,Hong Kong Taoist Association Shun Yeung Primary School,"30 On Chun Street, Ma On Shan, Sha Tin, New Territories"
R27,Lee On,R2701,Ma On Shan Ling Liang Primary School,"Lee On Estate, Ma On Shan, Sha Tin, New Territories"
R28,Fu Lung,R2801,Caritas Ma On Shan Secondary School,"2 Kam Ying Road, Ma On Shan, Sha Tin, New Territories"
R29,Wu Kai Sha,R2901,Lee On Community Hall,"Lee On Community Services Complex, 23 Sha On Street, Ma On Shan, Sha Tin, New Territories"
R30,Kam Ying,R3001,Ng Clan's Association Tai Pak Memorial School,"Kam Ying Court, Ma On Shan, Sha Tin, New Territories"
R30,Kam Ying,R3002,TWGHs Wong Fung Ling College,"208 Ma On Shan Road, Ma On Shan, Sha Tin, New Territories"
R31,Yiu On,R3101,PLK Chong Kee Ting Primary School,"Yiu On Estate, Ma On Shan, Sha Tin, New Territories"
R32,Heng On,R3201,Ma On Shan St. Joseph's Primary School,"Estate Primary School No.1, Heng On Estate, Ma On Shan, Sha Tin, New Territories"
R32,Heng On,R3202,Heng On Estate Community Centre,"Heng On Estate, Ma On Shan, Sha Tin, New Territories"
R33,On Tai,R3301,Tak Sun Secondary School,"27 Ning Tai Road, Ma On Shan, Sha Tin, New Territories"
R34,Tai Shui Hang,R3401,Kowloon City Baptist Church Hay Nien Primary School,"Chevalier Garden, 3 Hang Shun Street, Ma On Shan, Sha Tin, New Territories"
R34,Tai Shui Hang,R3402,The ELCHK Ma On Shan Lutheran Primary School,"Estate Primary School No.2, Heng On Estate, Ma On Shan, Sha Tin, New Territories"
R36,Bik Woo,R3601,Leung Kui Kau Lutheran Primary School,"5 On King Street, Sha Tin, New Territories"
R36,Bik Woo,R3602,Hong Kong Baptist University Affiliated School Wong Kam Fai Secondary and Primary School,"6 On Muk Lane, Shek Mun, Sha Tin, New Territories"
R37,Kwong Hong,R3701,Shatin Methodist Primary School,"Shatin Methodist Primary School, Shatin, New Territories"
R38,Kwong Yuen,R3801,Kwong Yuen Community Hall,"Kwong Yuen Estate, Sha Tin, New Territories"
S01,Kwai Hing,S0101,CNEC Ta Tung School,"Kwai Hing Estate, Kwai Chung, New Territories"
S02,Kwai Shing East Estate,S0201,ELCHK Kwai Shing Lutheran Primary School,"Kwai Shing East Estate, Kwai Chung, New Territories"
S03,Upper Tai Wo Hau,S0301,Yan Oi Tong Pang Hung Cheung Kindergarten,"G/F, Fu Tai House, Tai Wo Hau Estate, Tsuen Wan, New Territories"
S04,Lower Tai Wo Hau,S0401,Buddhist Lam Bing Yim Memorial School (Sponsored by the Hong Kong Buddhist Association),"33 Tai Ha Street, Tsuen Wan, New Territories"
S05,Kwai Chung Estate North,S0501,CCC Chuen Yuen College,"15 Sheung Kok Street, Kwai Chung Estate, Kwai Chung, New Territories"
S06,Kwai Chung Estate South,S0601,CCC Chuen Yuen Kindergarten,"Kwai Chung Estate, Kwai Chung, New Territories"
S06,Kwai Chung Estate South,S0602,SKH Yan Laap Primary School,"399 Kwai Shing Circuit, Kwai Chung, New Territories"
S07,Shek Yam,S0701,SKH Chu Oi Primary School,"45 Tung Chi Street, Shek Yam, Kwai Chung, New Territories"
S08,On Yam,S0801,Salesian Yip Hon Primary School,"On Yam Estate, Kwai Chung, New Territories"
S09,Shek Lei South,S0901,Shek Lei (I) Estate Indoor Activity Room,Shek Lei (I) Estate Car Park
S10,Shek Lei North,S1001,Shek Lei Community Hall,"2 Tai Pak Tin Street, Kwai Chung, New Territories"
S11,Tai Pak Tin,S1101,HKTA The Yuen Yuen Institute No.1 Secondary School,"42 Wo Yi Hop Road, Kwai Chung, New Territories"
S12,Kwai Fong,S1201,Buddhist Lim Kim Tian Memorial Primary School,"Buddhist Lim Kim Tian Memorial Primary School, Kwai Chung, New Territories"
S13,Wah Lai,S1301,"G/F, Conference Room, Northern Car Park, Wonderland Villas","Wonderland Villas, 9 Wah King Hill Road, Kwai Chung, New Territories"
S13,Wah Lai,S1302,Carmel Alison Lam Foundation Secondary School,"4 Wah King Hill Road, Kwai Chung, New Territories"
S13,Wah Lai,S1303,TWGHs Ko Ho Ning Memorial Primary School,"TWGHs Ko Ho Ning Memorial Primary School, Kwai Chung, New Territories, HK"
S15,Cho Yiu,S1501,The HKSYC&IA Chan Nam Chong Memorial College,"12 King Cho Road, Cho Yiu Chuen, Kwai Chung, New Territories"
S16,Hing Fong,S1601,Kwai Fong Community Hall,"2 Lai Fong Street, Kwai Chung, New Territories"
S18,Kwai Shing West Estate,S1801,Kwai Shing Community Hall,"Kwai Shing Community Hall, New Territories"
S19,On Ho,S1901,Delia (Man Kiu) English Primary School,"Phase 2, Cheung On Estate, Tsing Yi, New Territories"
S19,On Ho,S1902,CCC Yenching College,"12 Nga Ying Chau Street, Tsing Yi, New Territories"
S21,Tsing Yi Estate,S2101,Tsuen Wan Trade Association Primary School,"Phase 1, Area 1, Tsing Yi Estate, Tsing Yi, New Territories"
S22,Greenfield,S2201,TWGHs S. C. Gaw Memorial College,"7 Tsing Sum Street, Town Centre, Tsing Yi, New Territories"
S22,Greenfield,S2202,PLK Castar Primary School,"23 Tsing Luk Street, Tsing Yi, New Territories"
S23,Cheung Ching,S2301,Cheung Ching Estate Community Centre,"6 Ching Hong Road, Tsing Yi, New Territories"
S23,Cheung Ching,S2302,"Study Room, Mayfair Gardens","Study Room, L3, Block 11, Mayfair Gardens, 2-16 Sai Shan Road, Tsing Yi, New Territories"
S25,Shing Hong,S2501,Lok Sin Tong Leung Chik Wai Memorial School,"Phase 5, Cheung Hong Estate, Tsing Yi, New Territories"
S26,Tsing Yi South,S2601,Rambler Crest Club House,"Tower 1, 1 Tsing Yi Road, Tsing Yi, New Territories"
S26,Tsing Yi South,S2602,SKH Tsing Yi Chu Yan Primary School,"Cheung Wang Estate, Tsing Yi, New Territories"
S27,Cheung Hang,S2701,Cheung Hang Community Hall,"Cheung Hang Estate, Phase II, Tsing Yi, New Territories"
S28,Ching Fat,S2801,Cheung Fat Estate Community Centre,"6 Tam Kon Shan Road, Tsing Yi, New Territories"
S29,Cheung On,S2901,CNEC Lui Ming Choi Primary School,"Cheung Fat Estate, Tsing Yi, New Territories"
T01,Lantau,T0101,CCC Tai O Primary School,"24-26 Market Street, Tai O, Lantau Island, New Territories"
T01,Lantau,T0102*,Sha Lo Wan Village Office,"17 Chung Hou, Sha Lo Wan, Lantau Island, New Territories"
T01,Lantau,T0103*,Tai O San Tau Village Village Office,"Flat 2D, San Tau Village, Tai O, Lantau Island, New Territories"
T01,Lantau,T0104,Auxiliary Medical Service Tung Chung Training Centre,"1 Ha Ling Pei, Tung Chung, Lantau Island, New Territories"
T01,Lantau,T0105*,Ngau Kwu Long Sam Heung Co-operative Society,"25 Tai Ho San Tsuen, Lantau Island, New Territories"
T01,Lantau,T0106*,"Tai O Room, Po Lin Monastery","Po Lin Monastery, Ngong Ping Road, Ngong Ping, Lantau Island, New Territories"
T01,Lantau,T0107,Mui Wo Sports Centre,"1/F, Mui Wo Municipal Services Building, 9 Ngan Shek Street, Lantau Island, New Territories"
T01,Lantau,T0108,Tong Fuk Village Office,"G/F, 33 Tong Fuk, South Lantau Road, Lantau Island, New Territories"
T01,Lantau,T0109,Bui O Public School,"2 Lo Uk Village, Pui O, Lantau Island, New Territories"
T02,Yat Tung Estate North,T0201,Tung Chung Catholic School,"Yat Tung (2) Estate, 8 Yat Tung Street, Tung Chung, Lantau Island, New Territories"
T03,Yat Tung Estate South,T0301,HKFEW Wong Cho Bau School,"Yat Tung (1) Estate, Tung Chung, Lantau Island, New Territories"
T04,Tung Chung North,T0401,Tung Chung Community Hall,"G/F, Tung Chung Municipal Services Building, 39 Man Tung Road, Tung Chung, Lantau Island, New Territories"
T05,Tung Chung South,T0501,HKFEW Wong Cho Bau Secondary School,"Area 10, Phase 3, Fu Tung Estate, Tung Chung, Lantau Island, New Territories"
T06,Discovery Bay,T0601,SKH Wei Lun Primary School,"Area 13, Discovery Bay, Lantau Island, New Territories"
T09,Cheung Chau South,T0901,Buddhist Wai Yan Memorial College,"25 Tai Hing Tai Road, Cheung Chau, New Territories"
T09,Cheung Chau South,T0902,Caritas Chan Chun Ha Field Studies Centre (St. Paul Campus),"C.C. Lot No.1139, Lung Tsai Tsuen, Cheung Chau, New Territories"
T10,Cheung Chau North,T1001,Cheung Chau Sports Centre,"3 Cheung Chau Hospital Road, Cheung Chau, New Territories"
T10,Cheung Chau North,T1002,Kwok Man School,"30 Kwok Man Road, Cheung Chau, New Territories"
